{
    "name": "wake",
    "roles": [
        "wake"
    ],
    "lookups": [
        "free-text",
        "keywords"
    ],
    "keywords": [
        {
            "keyword": "att",
            "synonyms": [
                "att"
            ]
        },
        {
            "keyword": "ay matt",
            "synonyms": [
                "ay matt"
            ]
        },
        {
            "keyword": "aye matt",
            "synonyms": [
                "aye matt"
            ]
        },
        {
            "keyword": "ey matt",
            "synonyms": [
                "ey matt"
            ]
        },
        {
            "keyword": "hay matt",
            "synonyms": [
                "hay matt"
            ]
        },
        {
            "keyword": "hey",
            "synonyms": [
                "hey"
            ]
        },
        {
            "keyword": "hey matt",
            "synonyms": [
                "hey matt"
            ]
        },
        {
            "keyword": "uh matt",
            "synonyms": [
                "uh matt"
            ]
        }
    ]
}
