{
    "utterances": [
        {
            "text": "ay matt",
            "entities": [
                {
                    "entity": "wake:wake",
                    "start": 0,
                    "end": 7,
                    "body": "ay matt",
                    "entities": []
                }
            ],
            "traits": [],
            "intent": "wake"
        },
        {
            "text": "aye matt",
            "entities": [
                {
                    "entity": "wake:wake",
                    "start": 0,
                    "end": 8,
                    "body": "aye matt",
                    "entities": []
                }
            ],
            "traits": [],
            "intent": "wake"
        },
        {
            "text": "ey matt",
            "entities": [
                {
                    "entity": "wake:wake",
                    "start": 0,
                    "end": 7,
                    "body": "ey matt",
                    "entities": []
                }
            ],
            "traits": [],
            "intent": "wake"
        },
        {
            "text": "hay matt",
            "entities": [
                {
                    "entity": "wake:wake",
                    "start": 0,
                    "end": 8,
                    "body": "hay matt",
                    "entities": []
                }
            ],
            "traits": [],
            "intent": "wake"
        },
        {
            "text": "hey att",
            "entities": [],
            "traits": [],
            "intent": "wake"
        },
        {
            "text": "hey matt",
            "entities": [
                {
                    "entity": "wake:wake",
                    "start": 0,
                    "end": 8,
                    "body": "hey matt",
                    "entities": []
                }
            ],
            "traits": [],
            "intent": "wake"
        },
        {
            "text": "hey uh matt",
            "entities": [
                {
                    "entity": "wake:wake",
                    "start": 4,
                    "end": 11,
                    "body": "uh matt",
                    "entities": []
                }
            ],
            "traits": [],
            "intent": "wake"
        }
    ]
}
